customer_id,first_name,last_name,email,phone_number,customer_status,created_at,updated_at
900001,Alice,Vendor,alice.vendor@example.com,0810000001,ACTIVE,2026-09-01T09:15:00.000,2026-09-25T10:30:00.000
900002,Ben,Partner,ben.partner@example.com,0810000002,ACTIVE,2026-09-02T10:00:00.000,2026-09-25T11:10:00.000
900003,Chloe,External,chloe.external@example.com,0810000003,INACTIVE,2026-09-03T11:20:00.000,2026-09-25T12:00:00.000
900004,Daniel,Feed,daniel.feed@example.com,0810000004,ACTIVE,2026-09-04T12:10:00.000,2026-09-25T13:25:00.000
900005,Emma,Source,emma.source@example.com,0810000005,ACTIVE,2026-09-05T13:30:00.000,2026-09-25T14:40:00.000
900006,Frank,Delivery,frank.delivery@example.com,0810000006,SUSPENDED,2026-09-06T14:45:00.000,2026-09-25T15:15:00.000
900007,Grace,Outbound,grace.outbound@example.com,0810000007,ACTIVE,2026-09-07T15:20:00.000,2026-09-26T08:10:00.000
900008,Henry,Transfer,henry.transfer@example.com,0810000008,ACTIVE,2026-09-08T16:05:00.000,2026-09-26T09:05:00.000
900009,Ivy,Exchange,ivy.exchange@example.com,0810000009,INACTIVE,2026-09-09T08:40:00.000,2026-09-26T10:20:00.000
900010,Jack,Interface,jack.interface@example.com,0810000010,ACTIVE,2026-09-10T09:25:00.000,2026-09-26T11:45:00.000
900011,Kate,Export,kate.export@example.com,0810000011,ACTIVE,2026-09-11T10:55:00.000,2026-09-26T13:00:00.000
900012,Liam,Consumer,liam.consumer@example.com,0810000012,ACTIVE,2026-09-12T11:35:00.000,2026-09-26T14:30:00.000
