warehouse_code,sku,on_hand_qty,reserved_qty,available_qty,inventory_status,snapshot_at
BKK-3PL-01,SKU000001,120,15,105,IN_STOCK,2026-09-27T01:00:00.000
BKK-3PL-01,SKU000002,48,10,38,IN_STOCK,2026-09-27T01:00:00.000
BKK-3PL-01,SKU000003,9,6,3,LOW_STOCK,2026-09-27T01:00:00.000
BKK-3PL-01,SKU000004,0,0,0,OUT_OF_STOCK,2026-09-27T01:00:00.000
BKK-3PL-01,SKU000005,72,12,60,IN_STOCK,2026-09-27T01:00:00.000
BKK-3PL-01,SKU000006,31,5,26,IN_STOCK,2026-09-27T01:00:00.000
BKK-3PL-02,SKU000007,180,25,155,IN_STOCK,2026-09-27T01:00:00.000
BKK-3PL-02,SKU000008,14,9,5,LOW_STOCK,2026-09-27T01:00:00.000
BKK-3PL-02,SKU000009,63,8,55,IN_STOCK,2026-09-27T01:00:00.000
BKK-3PL-02,SKU000010,3,3,0,OUT_OF_STOCK,2026-09-27T01:00:00.000
BKK-3PL-02,SKU000011,96,21,75,IN_STOCK,2026-09-27T01:00:00.000
BKK-3PL-02,SKU000012,27,4,23,IN_STOCK,2026-09-27T01:00:00.000
